{
    "accuracy": 0.9844028520499108,
    "recall": 0.9864034270813932,
    "precision": 0.981104112634309,
    "f1_score": 0.9837466332311693,
    "0": {
        "precision": 0.9874613534867743,
        "recall": 0.9825670825499915,
        "f1-score": 0.985008138439133,
        "support": 5851.0
    },
    "1": {
        "precision": 0.981104112634309,
        "recall": 0.9864034270813932,
        "f1-score": 0.9837466332311693,
        "support": 5369.0
    }
}